surface_form,search_arg,kind,pos_filter,ambiguity_flag,idiom_family,1820,1830,1840,1850,1860,1870,1880,1890,1900,1910,1920,1930,1940,1950,1960,1970,1980,1990,2000,2010,n_decades_pass,min_count,max_count,total_count,notes
Insan*,insan,stem,,low,,59,213,449,768,503,493,439,511,453,416,453,531,496,557,619,594,569,586,721,787,20,59,787,10217,"Prefix catches insane, insanely, insanity, insanities."
Mad*,mad,stem,JJ,high,,542,681,837,786,1063,988,1117,1090,1416,1341,1448,1655,1503,1600,1673,1669,1757,1880,1976,1598,20,542,1976,26620,POS filter to adjectives; drops madam/made/Madison. Loses noun senses -- see madman/madhouse rows.
madman,madman,stem,,low,,84,103,133,91,74,57,61,71,69,78,102,78,67,84,112,132,129,108,111,93,20,57,133,1837,Also catches madmen; distinct from 'mad' + POS filter.
madhouse,madhouse,stem,,low,,3,8,8,10,11,10,11,9,9,17,20,23,26,25,39,27,21,28,21,15,0,3,39,341,Also catches madhouses.
madness,madness,stem,,low,,223,451,522,329,295,298,218,274,311,238,309,235,183,205,250,300,354,330,314,343,20,183,522,5982,
Lunatic,lunatic,stem,,low,,35,50,90,278,99,125,162,104,100,135,92,126,132,119,138,164,188,202,166,134,19,35,278,2639,"Catches lunatic, lunatics, lunatical."
Lunacy,lunac,stem,,low,,4,9,16,55,26,23,20,19,23,25,40,34,28,34,26,28,33,53,38,36,2,4,55,570,"Catches lunacy, lunacies."
Mental,mental,stem,,med,,356,767,1052,1096,1101,1363,1285,1321,1578,1942,2184,1494,1466,1532,1611,1550,1384,1968,2303,2504,20,356,2504,29857,"Catches mental, mentally, mentality; some non-target uses ('mental arithmetic')."
disorder,disorder,stem,,med,,305,416,465,397,401,398,381,406,434,400,497,486,581,413,569,466,537,663,1007,885,20,305,1007,10107,"Catches disorder, disorders, disordered; some non-medical usage."
Ill,ill,stem,JJ,high,,1037,1888,1911,2232,2170,2326,2396,2613,2657,2249,2451,2374,2264,2302,2304,2800,2681,2716,2700,2518,20,1037,2800,46589,POS filter to adjectives to drop illegal/illicit/illustrious. Still noisy; audit.
illness,illness,stem,,low,,111,152,180,315,323,342,372,432,342,346,447,481,542,628,615,698,652,946,969,838,20,111,969,9731,"Catches illness, illnesses."
deficiency,deficien,stem,,low,,240,500,504,580,335,321,267,205,222,278,237,304,364,476,243,322,321,287,220,176,20,176,580,6402,"Catches deficiency, deficient, deficiencies."
derangement,derange,stem,,low,,64,160,151,128,80,87,76,43,47,62,48,39,43,33,54,57,66,64,101,78,14,33,160,1481,"Catches derange, deranged, derangement, derangements."
Nervous,nervous,stem,,low,,60,229,437,603,746,1100,1105,1305,1602,1627,1686,1974,1901,2057,1889,1949,1910,1911,1920,1814,20,60,2057,27825,
Demented/Dementia,dement,stem,,low,,0,25,5,21,13,26,27,26,36,44,40,55,80,63,73,83,127,124,162,341,9,0,341,1371,"Catches demented, dementia, dementing, dementias."
Crazy/craziness,craz,stem,,low,,94,172,165,314,306,408,483,472,735,947,1165,2046,2005,2281,2477,3039,3461,3348,3622,3729,20,94,3729,31269,"Catches crazy, crazier, craziest, craziness, crazed. Some 'crazing' (pottery)."
Asylum,asylum,stem,,low,,125,184,140,228,268,209,279,281,227,209,177,161,158,132,152,161,196,197,253,416,20,125,416,4153,
Mental hospital,mental hospital,phrase,,low,,0,0,0,0,1,0,0,0,0,0,3,16,34,58,72,85,38,48,39,23,3,0,85,417,
Hospital,hospital,stem,,high,,232,561,489,819,1126,750,886,1240,1515,1807,2044,2572,3017,4001,4684,4743,4102,4844,4521,4806,20,232,4844,48759,Retained despite genericness -- 'hospital' itself has documented semantic drift 1820-now.
Mental institution,mental institution,phrase,,low,,0,0,0,0,0,0,0,0,0,0,3,1,8,17,32,30,27,35,23,18,0,0,35,194,
Institution,institution,stem,,high,,989,2199,2207,2307,2085,1615,1656,1708,1800,1727,1764,1765,1881,1532,2277,2158,2220,2483,1972,2105,20,989,2483,38450,Generic; sub-cluster analysis may reveal mental-health portion.
Sanitarium,sanitarium,stem,,low,,0,0,1,2,0,6,11,13,62,48,99,79,78,74,71,32,48,15,7,8,6,0,99,654,
Sanatorium,sanatorium,stem,,low,,0,0,0,0,0,4,0,4,22,20,24,48,20,30,38,13,16,14,8,13,0,0,48,274,
Retreat,retreat,stem,,high,,556,1024,983,842,1024,1048,852,903,806,800,738,679,821,801,726,782,833,831,1041,1006,20,556,1048,17096,Military and general senses dominate; sub-cluster analysis may isolate asylum sense.
Hospital for the insane,hospital for the insane,phrase,,low,,0,0,1,19,20,1,3,5,4,9,8,7,2,1,0,4,1,4,4,1,0,0,20,94,
State hospital,state hospital,phrase,,low,,0,0,5,13,2,1,2,9,4,21,28,20,33,67,55,52,41,18,21,28,3,0,67,420,
Bedlam,bedlam,stem,,low,,12,15,22,19,25,13,17,21,25,23,46,56,71,41,53,51,38,35,33,16,4,12,71,632,Historically the specific asylum; later generic 'chaos'.
Idiot,idiot,stem,,low,,32,116,178,211,147,199,273,406,239,257,276,412,424,519,670,585,699,911,1048,1038,19,32,1048,8640,"Catches idiot, idiots, idiotic, idiotical."
Idiocy,idiocy,stem,,low,,7,12,23,16,26,28,16,29,23,14,18,34,21,31,41,41,26,83,32,34,1,7,83,555,
Imbecile,imbecile,stem,,low,,8,22,31,77,46,70,47,40,33,43,50,63,59,42,49,45,31,25,49,38,5,8,77,868,"Catches imbecile, imbeciles, imbecility, imbecilic."
Feeble-minded,feeble-minded,stem,,low,,2,2,3,8,8,6,2,9,14,30,47,24,21,9,14,15,6,4,13,9,0,2,47,246,Depends on COHA tokenization of hyphens; verify with a spot query.
Feeble minded (two-token),feeble minded,phrase,,low,,0,1,0,0,0,0,3,0,0,1,1,2,0,1,0,1,1,0,0,2,0,0,3,13,Backup form if COHA splits on hyphen.
Feeblemindedness,feebleminded,stem,,low,,0,0,1,0,0,1,1,2,3,3,8,5,18,5,14,5,5,8,8,6,0,0,18,93,
Moron/Moronic,moron,stem,,low,,0,0,1,1,2,0,7,8,10,8,78,83,60,89,127,105,129,233,247,154,10,0,247,1342,"Catches moron, morons, moronic, moronism."
Cretin/Cretinism,cretin,stem,,low,,0,1,0,1,2,4,1,0,5,0,12,9,14,11,55,36,27,27,25,11,1,0,55,241,
Mental retardation,mental retardation,phrase,,low,,0,0,0,0,0,0,0,0,0,0,0,0,0,2,13,21,10,22,42,15,0,0,42,125,
Retard,retard,stem,,med,,66,127,93,162,117,123,87,161,111,148,143,160,140,114,210,288,231,256,264,154,20,66,288,3155,Pre-20thc verb sense 'to slow' also present; clinical/pejorative sense emerges over time -- exactly the drift signal.
Mental deficiency,mental deficiency,phrase,,low,,0,0,0,1,0,1,1,0,1,3,4,5,9,5,4,1,1,1,5,2,0,0,9,44,
Mentally defective,mentally defective,phrase,,low,,0,0,0,0,0,0,0,0,6,3,8,8,9,5,3,3,4,1,3,1,0,0,9,54,
Congenital deficiency,congenital deficiency,phrase,,low,,0,0,0,1,1,0,0,0,1,0,0,0,0,0,0,0,1,0,0,0,0,0,1,4,
Melancholia/Melancholy,melanchol,stem,,low,,665,1025,789,755,652,598,503,415,416,376,341,293,294,255,273,242,237,190,215,194,20,190,1025,8728,"Catches melancholy, melancholic, melancholia, melancholics."
Monomania,monomania,stem,,low,,0,11,23,55,31,41,16,15,13,10,12,5,5,10,9,10,6,5,3,9,1,0,55,289,
Circular insanity,circular insanity,phrase,,low,,0,0,0,0,0,0,0,0,0,0,0,0,0,0,0,0,0,0,0,0,0,0,0,0,
Mania,mania,stem,,low,,60,168,161,162,172,152,131,123,125,114,123,169,165,177,186,288,257,246,245,446,20,60,446,3670,"Catches mania, manias, maniac, maniacal, maniacally."
Manic,manic,stem,,low,,3,3,2,2,4,11,4,16,29,92,62,170,150,177,117,157,178,295,344,278,11,2,344,2094,
Manic-depressive insanity,manic-depressive insanity,phrase,,low,,0,0,0,0,0,0,0,0,0,0,0,0,1,0,1,0,0,0,0,0,0,0,1,2,Hyphenation tokenization matters; also try 'manic depressive insanity' as backup.
Manic depressive insanity (two-token),manic depressive insanity,phrase,,low,,0,0,0,0,0,0,0,0,0,0,0,0,0,0,0,0,0,0,0,0,0,0,0,0,
Hypochondria/Hypochondriasis,hypochondri,stem,,low,,6,33,15,17,19,14,14,7,13,4,20,16,19,44,31,28,22,24,15,24,0,4,44,385,
Neurasthenia,neurasthen,stem,,low,,0,0,0,0,0,0,14,3,9,25,21,31,23,4,2,8,8,1,2,3,0,0,31,154,"Catches neurasthenia, neurasthenic, neurasthenics."
Psychasthenia,psychasthen,stem,,low,,0,0,0,0,0,0,0,0,0,2,1,1,2,0,1,1,0,0,0,0,0,0,2,8,
Hysteria,hysteri,stem,,low,,30,50,56,82,85,241,201,243,327,401,574,603,660,570,558,553,436,383,375,311,19,30,660,6739,"Catches hysteria, hysterical, hysterics, hysteric."
Paranoia,paranoi,stem,,low,,0,0,0,0,0,0,0,5,2,17,15,16,133,45,177,267,260,323,355,412,7,0,412,2027,"Catches paranoia, paranoid, paranoiac."
Psychosis,psychos,stem,,med,,0,0,0,0,0,0,0,0,4,3,17,12,191,77,93,97,100,100,166,135,8,0,191,995,Also catches psychosomatic; consider narrowing to 'psychosis' / 'psychotic' if noise.
Psychotic,psychotic,stem,,low,,0,0,0,0,0,0,0,0,0,0,2,2,92,53,91,88,69,123,120,101,8,0,123,741,
Schizophrenia,schizophren,stem,,low,,0,0,0,0,0,0,0,1,0,0,4,26,100,90,106,115,99,101,125,155,8,0,155,922,"Catches schizophrenia, schizophrenic, schizophrenics."
Dementia praecox,dementia praecox,phrase,,low,,0,0,0,0,0,0,0,0,0,0,3,9,16,4,4,3,0,1,1,0,0,0,16,41,
Brain fever,brain fever,phrase,,low,,1,3,3,9,11,20,21,10,10,10,8,6,5,2,2,4,2,0,0,1,0,0,21,128,
Cerebral disease,cerebral disease,phrase,,low,,0,1,0,3,16,0,1,1,1,0,0,0,1,1,0,1,0,0,0,0,0,0,16,26,
Degeneration,degener,stem,,low,,97,140,168,165,187,153,159,215,260,223,221,216,168,150,157,165,175,214,182,173,20,97,260,3588,"Catches degeneration, degenerate, degenerative, degeneracy."
Delusion,delusion,stem,,low,,133,230,222,239,298,271,222,209,185,160,180,175,217,119,120,168,132,165,228,213,20,119,298,3886,
Delusional insanity,delusional insanity,phrase,,low,,0,0,0,0,0,0,1,1,0,1,0,0,0,0,0,1,0,0,0,0,0,0,1,4,
Hallucination,hallucin,stem,,low,,1,26,27,33,48,77,49,45,66,52,73,50,104,78,255,154,166,161,236,237,13,1,255,1938,"Catches hallucination, hallucinate, hallucinatory, hallucinogenic."
Obsession,obsess,stem,,low,,0,0,0,0,2,3,3,18,42,144,191,190,218,252,363,416,622,773,993,887,11,0,993,5117,"Catches obsession, obsessive, obsessed, obsesses."
Shell shock,shell shock,phrase,,low,,0,0,0,0,0,0,0,0,0,4,16,2,6,2,2,5,10,4,9,3,0,0,16,63,"Also catches 'shell shocks', 'shell shocked' via prefix on slot 2."
Battle fatigue,battle fatigue,phrase,,low,,0,0,0,0,0,0,0,0,0,0,0,0,3,8,10,10,9,5,8,4,0,0,10,57,
Combat neurosis,combat neurosis,phrase,,low,,0,0,0,0,0,0,0,0,0,0,0,0,0,1,0,0,0,0,0,0,0,0,1,1,
War neurosis,war neurosis,phrase,,low,,0,0,0,0,0,0,0,0,0,0,1,0,9,0,0,0,0,0,1,0,0,0,9,11,
Soldier's heart (hyphen tokenization),soldier's heart,phrase,,med,,0,0,0,0,0,0,0,0,0,0,0,0,0,0,0,0,0,0,0,0,0,0,0,0,Verify tokenization of apostrophe with a spot query.
Soldiers heart (no apostrophe),soldiers heart,phrase,,med,,0,0,0,0,1,0,0,0,0,0,0,0,0,0,0,0,0,0,0,0,0,0,1,1,Backup if COHA splits 'soldier's' into three tokens.
Railway spine,railway spine,phrase,,low,,0,0,0,0,0,0,0,0,0,0,0,0,0,0,0,0,0,0,0,0,0,0,0,0,
Traumatic neurosis,traumatic neurosis,phrase,,low,,0,0,0,0,0,0,0,0,0,0,0,0,0,0,0,1,1,0,0,0,0,0,1,2,
Brain fag,brain fag,phrase,,low,,0,0,0,0,0,0,0,0,0,0,3,1,1,0,1,0,0,0,0,0,0,0,3,6,
Brain fog,brain fog,phrase,,low,,0,0,0,0,0,0,0,0,0,0,0,0,0,0,0,0,0,1,4,3,0,0,4,8,
Brain storm,brain storm,phrase,,med,,0,0,0,0,0,0,0,0,0,0,2,3,2,5,0,0,0,2,1,1,0,0,5,16,Modern 'brainstorm' (one word) is a different sense; matter for drift analysis.
Nervous prostration,nervous prostration,phrase,,low,,0,0,0,0,3,8,17,37,30,15,16,0,1,2,1,2,1,0,0,0,0,0,37,133,
prostration,prostration,stem,,med,,14,67,51,37,39,76,62,84,58,43,36,19,13,12,14,15,8,5,1,4,6,1,84,658,Also has religious/physical-exhaustion senses.
breakdown,breakdown,stem,,med,,0,0,0,0,15,16,10,13,51,89,138,257,270,300,338,383,288,273,266,282,12,0,383,2989,Mechanical breakdown dominates in some genres.
Collapse,collapse,stem,,high,,7,14,22,45,59,116,140,179,294,382,592,786,845,713,792,914,1119,1313,1405,1465,16,7,1465,11202,Physical/structural senses dominate; sub-cluster analysis expected to isolate medical sense.
Exhaustion,exhaustion,stem,,med,,22,103,112,146,142,154,146,159,152,182,180,159,199,183,157,214,188,177,257,251,19,22,257,3283,
Debility,debility,stem,,low,,15,36,50,27,29,17,20,22,9,1,5,8,1,4,8,15,6,7,4,0,1,0,50,284,
Irritability,irritability,stem,,low,,12,28,29,27,23,30,37,28,42,50,37,27,40,38,19,30,35,31,34,26,1,12,50,623,
The blues,the blues,phrase,,med,,6,13,11,17,24,30,18,23,16,45,36,46,40,58,79,89,96,167,153,157,7,6,167,1124,Music sense grows over 20thc.
Chronic blues,chronic blues,phrase,,low,,0,0,0,0,0,0,0,0,0,0,0,0,0,0,0,0,0,0,0,0,0,0,0,0,
Despondency,despondenc,stem,,low,,74,106,100,107,105,80,75,46,34,54,40,25,31,26,20,18,18,20,18,10,8,10,107,1007,
Profound despondency,profound despondency,phrase,,low,,0,0,0,0,1,0,0,1,0,0,0,0,0,0,0,0,0,0,0,0,0,0,1,2,
Mental depression,mental depression,phrase,,low,,0,1,2,1,1,1,3,2,3,5,0,1,6,9,1,4,3,0,2,0,0,0,9,45,
Low spirits,low spirits,phrase,,low,,3,9,10,7,16,16,5,12,3,7,9,6,5,3,5,1,2,3,2,2,0,1,16,126,
Anxiety,anxiet,stem,,low,,484,703,807,926,856,997,1010,945,710,695,650,521,663,523,673,570,555,621,1068,1076,20,484,1076,15053,"Catches anxiety, anxieties."
Depressive,depressive,stem,,low,,0,0,0,0,0,1,0,0,4,2,3,5,27,7,19,25,25,21,72,65,2,0,72,276,
depression,depression,stem,,med,,61,105,134,169,158,283,225,381,331,289,478,1892,799,653,634,630,704,851,1143,944,20,61,1892,10864,Economic-depression sense dominates certain decades -- itself an interesting drift signal.
PTSD,ptsd,stem,,low,,0,0,0,0,0,0,0,0,0,0,0,0,0,0,0,0,8,7,37,184,1,0,184,236,
Post-traumatic stress disorder,post-traumatic stress disorder,phrase,,low,,0,0,0,0,0,0,0,0,0,0,0,0,0,0,0,0,3,10,16,52,1,0,52,81,Hyphen tokenization; also try 'post traumatic stress disorder'.
Post traumatic stress disorder,post traumatic stress disorder,phrase,,low,,0,0,0,0,0,0,0,0,0,0,0,0,0,0,0,0,0,1,1,6,0,0,6,8,
Bipolar,bipolar,stem,,low,,0,0,1,0,0,0,0,0,2,1,5,0,5,86,3,5,8,32,118,94,3,0,118,360,
Autism,autis,stem,,low,,0,1,0,0,0,0,0,0,1,0,3,0,1,0,21,13,19,69,162,344,3,0,344,634,"Catches autism, autistic, autistics; note pre-1943 sense (Bleuler) differs."
Borderline personality disorder,borderline personality disorder,phrase,,low,,0,0,0,0,0,0,0,0,0,0,0,0,0,0,0,0,0,4,1,7,0,0,7,12,
Excited delirium,excited delirium,phrase,,low,,0,0,0,0,0,0,0,0,0,0,0,0,0,0,0,0,0,1,0,5,0,0,5,6,
Condition,condition,stem,,high,,1392,2742,3409,3754,3408,4583,4790,5610,6352,6789,6951,6359,4839,4461,4407,4013,3599,3952,3825,4465,20,1392,6951,89700,Very generic; sub-cluster analysis may isolate medical/mental sense.
Storm,storm,stem,,high,,726,1411,1813,1947,1739,2134,2082,2060,1851,1860,2576,1825,1656,1624,1735,1468,1590,2049,2345,2484,20,726,2576,36975,Weather dominates; retained mainly for 'brain storm' phrase.
Nerves,nerves,stem,,med,,100,260,391,309,380,499,379,427,493,615,570,765,554,570,454,342,348,365,441,465,20,100,765,8727,
complaint,complaint,stem,,med,,247,446,459,489,400,489,545,487,575,597,687,805,770,802,953,1006,967,1042,859,1043,20,247,1043,13668,Historical medical usage ('nervous complaint') distinct from grievance sense.
Temperament,temperament,stem,,med,,51,224,324,246,245,365,326,376,437,493,478,380,271,271,316,223,198,173,211,157,20,51,493,5765,
The vapors,the vapors,phrase,,low,,4,11,14,28,10,14,6,12,20,1,15,13,11,4,8,8,10,6,7,13,0,1,28,215,
The vapours,the vapours,phrase,,low,,6,16,31,1,1,12,1,2,4,4,2,3,1,1,0,0,2,0,1,1,0,0,31,89,British spelling variant.
Spells,spells,stem,,high,,22,41,76,48,74,66,90,85,91,90,118,117,120,122,123,149,168,170,210,176,17,22,210,2156,Magic/weather/duration senses dominate.
Attacks,attacks,stem,,high,,83,175,194,189,292,298,275,266,292,430,370,511,804,599,676,660,781,640,1578,1165,20,83,1578,10278,Military/general senses dominate.
Fits,fits,stem,NN,high,,70,69,83,94,113,136,98,92,81,85,86,98,95,114,117,103,109,116,115,116,20,69,136,1990,POS filter to noun forms drops the 'it fits' verb sense.
Brain trouble,brain trouble,phrase,,low,,0,0,0,0,0,0,0,0,3,0,1,0,0,0,0,0,0,0,0,0,0,0,3,4,
Head trouble,head trouble,phrase,,low,,0,0,0,1,0,1,0,2,0,0,0,0,2,0,0,0,0,1,2,0,0,0,2,9,
Affliction,affliction,stem,,low,,237,275,234,220,196,170,151,100,87,69,68,62,76,71,76,86,95,72,67,73,20,62,275,2485,
Berserk,berserk,stem,,low,,0,0,4,2,5,18,7,6,4,6,14,13,21,37,48,67,233,51,41,29,3,0,233,606,
Fury,fury,stem,,low,,261,521,556,411,369,367,343,409,447,415,615,515,514,435,424,352,406,346,451,466,20,261,615,8623,
Furious,furious,stem,,low,,123,368,415,394,351,424,411,458,500,642,728,789,693,686,647,556,703,688,632,600,20,123,789,10808,
Raving,raving,stem,,low,,38,75,95,79,78,90,86,67,67,57,77,77,55,37,78,75,75,75,70,62,18,37,95,1413,"Often collocates with 'mad', 'lunatic'."
Violent,violent,stem,,high,,468,853,954,967,836,964,833,868,876,1051,1095,1127,1156,1111,1127,1157,1101,1232,1173,1259,20,468,1259,20208,Very common; retained for its position in the semantic field.
Dangerous to self,dangerous to self,phrase,,low,,0,0,0,0,0,0,0,0,0,1,0,0,0,0,0,0,0,0,1,0,0,0,1,2,
Suicidal tendency,suicidal tendency,phrase,,low,,0,0,0,0,1,0,0,0,0,0,0,1,1,1,2,0,2,4,5,3,0,0,5,20,
Suicide,suicid,stem,,low,,31,102,157,148,186,208,241,236,316,270,359,627,532,824,685,918,804,1060,1204,1292,19,31,1292,10200,"Catches suicide, suicides, suicidal."
Queer,queer,stem,,low,,20,114,139,311,292,579,628,757,1011,1370,1372,1133,785,532,385,232,186,163,152,186,19,20,1372,10347,Paradigm case for cluster-structure drift (strange -> pejorative -> reclaimed).
Odd,odd,stem,,high,,132,387,423,584,693,909,939,921,1033,1354,1395,1512,1645,1815,2100,1906,2112,2700,2778,2882,20,132,2882,28220,Numeric/odd-jobs senses dominate; sub-cluster analysis may isolate 'strange' sense.
Peculiar,peculiar,stem,,med,,1194,2567,2853,2783,2332,2534,2301,2206,1888,1703,1435,1146,1035,896,997,722,643,587,446,356,20,356,2853,30624,
Strange,strange,stem,,high,,2376,4826,5913,5717,5018,6041,6214,5998,6196,5885,6225,5779,5440,5023,4582,4914,4316,5113,5021,5055,20,2376,6225,105652,Very common; retained for semantic-field position.
Disturbed,disturbed,stem,,med,,259,386,419,515,455,587,536,553,560,570,704,663,644,670,682,542,444,382,387,258,20,258,704,10216,Also 'disturbed sleep/water' etc.
Unhinged,unhinged,stem,,low,,1,10,4,5,5,6,10,4,5,3,6,8,7,10,20,14,17,35,32,69,1,1,69,271,
Unbalanced,unbalanced,stem,,med,,1,1,2,11,11,5,17,20,25,30,46,72,56,66,56,53,37,46,69,85,7,1,85,709,Diet/budget senses coexist with mental sense.
Touched,touched,stem,JJ,high,,3,3,5,3,2,3,9,7,8,10,8,18,10,20,11,11,11,17,13,4,0,2,20,176,POS filter to adjective isolates the 'touched (in the head)' predicative sense from verb 'touched'.
Mad as a hatter,mad as a hatter,phrase,,low,,0,0,0,0,0,0,0,3,0,3,7,0,1,4,6,9,5,0,1,0,0,0,9,39,
Not right in the head,not right in the head,phrase,,low,,0,0,0,0,0,0,0,0,0,0,0,0,0,0,1,1,2,1,3,2,0,0,3,10,
Touched in the head,touched in the head,phrase,,low,,0,0,0,0,0,0,0,1,0,0,1,2,2,5,2,1,1,2,2,2,0,0,5,21,
Queer in the head,queer in the head,phrase,,low,,0,0,0,0,0,0,0,0,0,0,4,0,0,1,0,0,0,0,0,0,0,0,4,5,
Bereft of reason,bereft of reason,phrase,,low,,2,1,2,3,3,3,2,1,7,2,1,2,0,0,0,1,0,0,0,0,0,0,7,30,
Want of understanding,want of understanding,phrase,,low,,1,1,3,0,0,0,0,0,1,3,2,0,0,0,0,0,0,1,0,0,0,0,3,12,
Fits of insanity,fits of insanity,phrase,,low,,1,2,2,0,0,1,0,0,1,0,1,0,1,2,0,0,1,0,0,0,0,0,2,12,
Devil to pay,devil to pay,phrase,,med,,4,5,4,1,2,4,3,3,11,10,10,6,4,2,2,0,0,1,0,0,0,0,11,72,Roget's synonym for madness but has other senses.
Hell broke loose,hell broke loose,phrase,,med,,1,0,0,0,0,0,0,0,0,2,2,4,3,10,6,7,15,12,18,7,0,0,18,87,
All the fat in the fire,all the fat in the fire,phrase,,low,,0,0,0,0,0,0,1,0,0,1,0,0,0,0,0,0,0,0,0,0,0,0,1,2,
Pretty kettle of fish,pretty kettle of fish,phrase,,low,,0,2,1,1,1,3,1,0,2,3,3,4,5,2,5,0,1,0,0,2,0,0,5,36,
Not quite right,not quite right,phrase,,med,,1,4,0,4,2,6,5,3,6,4,1,6,7,9,14,7,13,23,21,17,0,0,23,153,
took leave of his senses,took leave of his senses,idiom_variant,,low,took_leave_of_senses,0,0,0,0,0,0,0,0,0,0,0,0,0,0,0,0,0,0,0,0,0,0,0,0,
took leave of her senses,took leave of her senses,idiom_variant,,low,took_leave_of_senses,0,0,0,0,0,0,0,0,0,0,0,0,0,0,0,0,0,0,0,0,0,0,0,0,
took leave of my senses,took leave of my senses,idiom_variant,,low,took_leave_of_senses,0,0,0,0,0,0,0,0,0,0,0,0,0,0,0,0,0,0,0,0,0,0,0,0,
took leave of their senses,took leave of their senses,idiom_variant,,low,took_leave_of_senses,0,0,0,0,0,0,0,0,0,0,0,0,0,0,0,0,0,0,0,0,0,0,0,0,
taken leave of his senses,taken leave of his senses,idiom_variant,,low,took_leave_of_senses,0,0,0,1,0,2,0,1,4,1,0,5,0,2,2,1,2,3,2,1,0,0,5,27,
taken leave of her senses,taken leave of her senses,idiom_variant,,low,took_leave_of_senses,0,1,0,0,1,0,0,0,0,1,0,0,0,0,0,1,0,0,0,1,0,0,1,5,
out of his mind,out of his mind,idiom_variant,,med,out_of_mind,0,0,5,11,15,10,15,18,19,26,23,58,43,62,67,57,62,42,42,40,5,0,67,615,'Out of X mind' has some non-idiomatic uses; audit.
out of her mind,out of her mind,idiom_variant,,med,out_of_mind,0,0,1,4,2,10,7,5,11,12,28,28,22,27,29,30,37,33,23,28,0,0,37,337,'Out of X mind' has some non-idiomatic uses; audit.
out of my mind,out of my mind,idiom_variant,,med,out_of_mind,3,3,5,1,13,14,8,10,16,22,20,46,56,74,69,85,50,65,56,28,7,1,85,644,'Out of X mind' has some non-idiomatic uses; audit.
out of your mind,out of your mind,idiom_variant,,med,out_of_mind,1,1,1,2,4,1,4,7,8,22,15,46,49,89,108,79,67,73,60,44,6,1,108,681,'Out of X mind' has some non-idiomatic uses; audit.
out of their mind,out of their mind,idiom_variant,,med,out_of_mind,0,0,1,3,4,4,3,2,0,2,4,5,5,12,16,14,3,13,9,10,0,0,16,110,'Out of X mind' has some non-idiomatic uses; audit.
lost his reason,lost his reason,idiom_variant,,low,lost_reason,0,0,2,5,0,1,0,1,0,2,0,3,0,1,1,1,1,2,0,0,0,0,5,20,
lost her reason,lost her reason,idiom_variant,,low,lost_reason,1,0,0,0,5,3,2,3,2,0,2,2,2,2,0,0,2,0,0,0,0,0,5,26,
lost their reason,lost their reason,idiom_variant,,low,lost_reason,0,2,1,0,1,1,0,1,3,4,0,1,0,0,0,0,0,0,0,0,0,0,4,14,
lost his wits,lost his wits,idiom_variant,,low,lost_wits,1,2,7,1,4,5,2,4,4,1,0,1,7,0,0,4,3,4,2,2,0,0,7,54,
lost her wits,lost her wits,idiom_variant,,low,lost_wits,0,1,0,0,0,1,2,1,6,0,0,2,0,0,1,0,1,0,1,0,0,0,6,16,
lost their wits,lost their wits,idiom_variant,,low,lost_wits,1,1,0,1,0,3,0,0,0,0,0,1,0,0,0,0,0,1,0,0,0,0,3,8,
losing his wits,losing his wits,idiom_variant,,low,lost_wits,0,0,0,0,0,1,0,0,1,0,0,0,0,0,0,0,0,1,0,0,0,0,1,3,
Alienist,alienist,stem,,low,,0,0,0,0,0,0,5,8,21,36,38,9,5,7,8,3,3,2,3,2,0,0,38,150,"Catches alienist, alienists."
Mad-doctor,mad-doctor,stem,,low,,0,0,0,0,0,0,0,0,0,1,0,0,0,0,0,0,0,0,0,0,0,0,1,1,Depends on hyphen tokenization.
Mad doctor (two-token),mad doctor,phrase,,low,,0,1,2,1,0,0,1,2,2,4,1,0,4,2,4,13,2,4,2,0,0,0,13,45,
Asylum superintendent,asylum superintendent,phrase,,low,,0,0,0,0,0,0,0,0,0,0,0,0,0,0,0,0,0,0,0,0,0,0,0,0,
Medical superintendent,medical superintendent,phrase,,low,,0,0,1,1,0,0,0,2,0,1,1,3,4,1,5,0,1,0,0,0,0,0,5,20,
Superintendent,superintendent,stem,,high,,19,58,111,168,175,375,331,603,520,436,557,651,427,442,497,334,239,178,160,324,19,19,651,6605,School/general senses dominate.
Asylum keeper,asylum keeper,phrase,,low,,0,0,0,0,0,0,0,0,0,0,0,0,0,0,0,1,0,0,0,0,0,0,1,1,
Matron,matron,stem,,med,,73,179,134,136,157,202,224,172,185,165,243,237,101,167,151,354,103,75,98,95,20,73,354,3251,
Keeper,keeper,stem,,high,,86,185,365,246,173,204,221,347,223,272,348,212,253,232,203,170,149,241,198,325,20,86,365,4653,Very generic; retained mainly for phrase 'asylum keeper' coverage.
Discharged,discharged,stem,,med,,143,313,304,264,269,264,336,326,328,261,244,283,261,244,148,191,139,123,106,135,20,106,336,4682,"Also 'discharged gun', 'discharged debt'."
Absconded,absconded,stem,,low,,8,13,19,8,4,3,10,3,4,6,6,3,3,3,3,9,5,8,10,16,0,3,19,144,
Treatment,treatment,stem,,high,,216,292,451,597,509,791,1026,891,942,1140,964,1002,1530,1539,1338,1548,1794,2337,2599,3225,20,216,3225,24731,Very generic; retained for its position in the clinical vocabulary.
Inebriate,inebriat,stem,,low,,14,13,26,73,35,43,22,21,17,9,16,23,16,18,17,21,23,16,31,39,1,9,73,493,"Catches inebriate, inebriated, inebriety, inebriates."
Criminal,criminal,stem,,high,,382,528,621,613,486,619,848,834,956,906,1168,1341,881,1095,1255,1590,1608,1453,1715,2096,20,382,2096,20995,Very generic; retained for 'criminal insanity' co-occurrence.
Trauma,trauma,stem,,med,,0,0,0,0,0,0,1,5,2,4,1,15,53,49,105,192,262,440,616,1108,7,0,1108,2853,Physical trauma vs psychological trauma -- cluster split expected.
Therapy,therapy,stem,,high,,1,0,0,0,0,0,0,1,1,5,12,36,169,198,249,379,553,1022,1120,967,8,0,1120,4713,Modern-dominated word; sparse in early decades.
Religious fanaticism,religious fanaticism,phrase,,low,,1,3,4,4,1,3,1,5,5,2,4,5,3,5,4,6,1,4,2,3,0,1,6,66,
Fanaticism,fanatic,stem,,low,,87,175,320,307,263,161,154,165,188,185,306,246,276,287,238,228,283,192,243,185,20,87,320,4489,"Catches fanatic, fanatical, fanatically, fanaticism."
Medium,medium,stem,,high,,194,613,503,564,440,414,434,303,667,539,2212,828,634,809,710,650,735,1245,1656,1871,20,194,2212,16021,Very generic; spiritualist sense is one sub-cluster.
Mesmerism,mesmer,stem,,low,,0,1,54,65,24,35,56,25,29,28,14,26,53,21,54,68,100,157,185,123,10,0,185,1118,"Catches mesmerism, mesmerist, mesmerize, mesmerizing."
Seance,seance,stem,,low,,0,1,4,1,2,5,51,6,25,13,106,11,58,14,23,11,15,17,3,7,3,0,106,373,
Séance (accented),séance,stem,,low,,0,0,0,0,0,0,0,0,0,0,0,0,0,0,0,0,0,0,0,0,0,0,0,0,Verify casefold behavior of accented characters in COHA.
Revival,revival,stem,,high,,40,112,202,247,217,283,217,221,234,360,359,430,370,270,268,243,361,285,273,257,19,40,430,5249,Religious/economic senses dominate.
Spiritualism,spiritualism,stem,,low,,1,0,5,18,42,51,51,17,43,20,36,8,13,8,9,9,12,10,3,14,2,0,51,370,
